,BadWords
0,2g1c
1,4r5e
2,5h1t
3,5hit
4,a$$
5,a$$hole
6,a2m
7,a54
8,a55
9,a55hole
10,a_s_s
11,aeolus
12,ahole
13,alabama hot pocket
14,alaskan pipeline
15,anal
16,anal impaler
17,anal leakage
18,analannie
19,analprobe
20,analsex
21,anilingus
22,anus
23,apeshit
24,ar5e
25,areola
26,areole
27,arian
28,arrse
29,arse
30,arsehole
31,aryan
32,ass
33,ass fuck
34,ass hole
35,ass-fucker
36,ass-hat
37,ass-jabber
38,ass-pirate
39,assault
40,assbag
41,assbagger
42,assbandit
43,assbang
44,assbanged
45,assbanger
46,assbangs
47,assbite
48,assblaster
49,assclown
50,asscock
51,asscracker
52,asses
53,assface
54,assfaces
55,assfuck
56,assfucker
57,assfukka
58,assgoblin
59,assh0le
60,asshat
61,asshead
62,assho1e
63,asshole
64,assholes
65,asshopper
66,asshore
67,assjacker
68,assjockey
69,asskiss
70,asskisser
71,assklown
72,asslick
73,asslicker
74,asslover
75,assman
76,assmaster
77,assmonkey
78,assmucus
79,assmunch
80,assmuncher
81,assnigger
82,asspacker
83,asspirate
84,asspuppies
85,assranger
86,assshit
87,assshole
88,asssucker
89,asswad
90,asswhole
91,asswhore
92,asswipe
93,asswipes
94,auto erotic
95,autoerotic
96,axwound
97,azazel
98,azz
99,b!tch
100,b00bs
101,b17ch
102,b1tch
103,babe
104,babeland
105,babes
106,baby batter
107,baby juice
108,badfuck
109,ball gag
110,ball gravy
111,ball kicking
112,ball licking
113,ball sack
114,ball sucking
115,ballbag
116,balllicker
117,balls
118,ballsack
119,bampot
120,bang
121,bang (one's) box
122,bangbros
123,banger
124,banging
125,bareback
126,barely legal
127,barenaked
128,barf
129,barface
130,barfface
131,bastard
132,bastardo
133,bastards
134,bastinado
135,batty boy
136,bawdy
137,bazongas
138,bazooms
139,bbw
140,bdsm
141,beaner
142,beaners
143,beardedclam
144,beastial
145,beastiality
146,beatch
147,beater
148,beatyourmeat
149,beaver
150,beaver cleaver
151,beaver lips
152,beef curtain
153,beef curtains
154,beer
155,beeyotch
156,bellend
157,bender
158,beotch
159,bestial
160,bestiality
161,bi+ch
162,bi-sexual
163,biatch
164,bicurious
165,big black
166,big breasts
167,big knockers
168,big tits
169,bigbastard
170,bigbutt
171,bigger
172,bigtits
173,bimbo
174,bimbos
175,bint
176,birdlock
177,bisexual
178,bitch
179,bitch tit
180,bitchass
181,bitched
182,bitcher
183,bitchers
184,bitches
185,bitchez
186,bitchin
187,bitching
188,bitchtits
189,bitchy
190,black cock
191,blonde action
192,blonde on blonde action
193,bloodclaat
194,bloody
195,bloody hell
196,blow
197,blow job
198,blow me
199,blow mud
200,blow your load
201,blowjob
202,blowjobs
203,blue waffle
204,blumpkin
205,boang
206,bod
207,bodily
208,bogan
209,bohunk
210,boink
211,boiolas
212,bollick
213,bollock
214,bollocks
215,bollok
216,bollox
217,bomd
218,bondage
219,bone
220,boned
221,boner
222,boners
223,bong
224,boob
225,boobies
226,boobs
227,booby
228,booger
229,bookie
230,boong
231,boonga
232,booobs
233,boooobs
234,booooobs
235,booooooobs
236,bootee
237,bootie
238,booty
239,booty call
240,booze
241,boozer
242,boozy
243,bosom
244,bosomy
245,bowel
246,bowels
247,bra
248,brassiere
249,breast
250,breastjob
251,breastlover
252,breastman
253,breasts
254,breeder
255,brotherfucker
256,brown showers
257,brunette action
258,buceta
259,bugger
260,buggered
261,buggery
262,bukkake
263,bull shit
264,bullcrap
265,bulldike
266,bulldyke
267,bullet vibe
268,bullshit
269,bullshits
270,bullshitted
271,bullturds
272,bum
273,bum boy
274,bumblefuck
275,bumclat
276,bumfuck
277,bummer
278,bung
279,bung hole
280,bunga
281,bunghole
282,bunny fucker
283,bust a load
284,busty
285,butchdike
286,butchdyke
287,butt
288,butt fuck
289,butt plug
290,butt-bang
291,butt-fuck
292,butt-fucker
293,butt-pirate
294,buttbang
295,buttcheeks
296,buttface
297,buttfuck
298,buttfucka
299,buttfucker
300,butthead
301,butthole
302,buttman
303,buttmuch
304,buttmunch
305,buttmuncher
306,buttplug
307,c-0-c-k
308,c-o-c-k
309,c-u-n-t
310,c.0.c.k
311,c.o.c.k.
312,c.u.n.t
313,c0ck
314,c0cksucker
315,caca
316,cahone
317,camel toe
318,cameltoe
319,camgirl
320,camslut
321,camwhore
322,carpet muncher
323,carpetmuncher
324,cawk
325,cervix
326,chesticle
327,chi-chi man
328,chick with a dick
329,child-fucker
330,chin
331,chinc
332,chincs
333,chink
334,chinky
335,choad
336,choade
337,choc ice
338,chocolate rosebuds
339,chode
340,chodes
341,chota bags
342,cipa
343,circlejerk
344,cl1t
345,cleveland steamer
346,climax
347,clit
348,clit licker
349,clitface
350,clitfuck
351,clitoris
352,clitorus
353,clits
354,clitty
355,clitty litter
356,clogwog
357,clover clamps
358,clunge
359,clusterfuck
360,cnut
361,cocain
362,cocaine
363,cock
364,cock pocket
365,cock snot
366,cock sucker
367,cock-sucker
368,cockass
369,cockbite
370,cockblock
371,cockburger
372,cockeye
373,cockface
374,cockfucker
375,cockhead
376,cockholster
377,cockjockey
378,cockknocker
379,cockknoker
380,cocklicker
381,cocklover
382,cocklump
383,cockmaster
384,cockmongler
385,cockmongruel
386,cockmonkey
387,cockmunch
388,cockmuncher
389,cocknose
390,cocknugget
391,cocks
392,cockshit
393,cocksmith
394,cocksmoke
395,cocksmoker
396,cocksniffer
397,cocksucer
398,cocksuck
399,cocksuck 
400,cocksucked
401,cocksucked 
402,cocksucker
403,cocksuckers
404,cocksucking
405,cocksucks
406,cocksucks 
407,cocksuka
408,cocksukka
409,cockwaffle
410,coffin dodger
411,coital
412,cok
413,cokmuncher
414,coksucka
415,commie
416,condom
417,coochie
418,coochy
419,coon
420,coonnass
421,coons
422,cooter
423,cop some wood
424,coprolagnia
425,coprophilia
426,corksucker
427,cornhole
428,corp whore
429,cox
430,crabs
431,crack
432,crack-whore
433,cracker
434,crackwhore
435,crap
436,crappy
437,creampie
438,cretin
439,crikey
440,cripple
441,crotte
442,cum
443,cum chugger
444,cum dumpster
445,cum freak
446,cum guzzler
447,cumbubble
448,cumdump
449,cumdumpster
450,cumguzzler
451,cumjockey
452,cummer
453,cummin
454,cumming
455,cums
456,cumshot
457,cumshots
458,cumslut
459,cumstain
460,cumtart
461,cunilingus
462,cunillingus
463,cunn
464,cunnie
465,cunnilingus
466,cunntt
467,cunny
468,cunt
469,cunt hair
470,cunt-struck
471,cuntass
472,cuntbag
473,cuntface
474,cuntfuck
475,cuntfucker
476,cunthole
477,cunthunter
478,cuntlick
479,cuntlick 
480,cuntlicker
481,cuntlicker 
482,cuntlicking
483,cuntlicking 
484,cuntrag
485,cunts
486,cuntsicle
487,cuntslut
488,cuntsucker
489,cut rope
490,cyalis
491,cyberfuc
492,cyberfuck
493,cyberfuck 
494,cyberfucked
495,cyberfucked 
496,cyberfucker
497,cyberfuckers
498,cyberfucking
499,cyberfucking 
500,cybersex
501,d0ng
502,d0uch3
503,d0uche
504,d1ck
505,d1ld0
506,d1ldo
507,dago
508,dagos
509,dammit
510,damn
511,damned
512,damnit
513,darkie
514,darn
515,date rape
516,daterape
517,dawgie-style
518,deep throat
519,deepthroat
520,deggo
521,dendrophilia
522,dick
523,dick head
524,dick hole
525,dick shy
526,dick-ish
527,dick-sneeze
528,dickbag
529,dickbeaters
530,dickbrain
531,dickdipper
532,dickface
533,dickflipper
534,dickfuck
535,dickfucker
536,dickhead
537,dickheads
538,dickhole
539,dickish
540,dickjuice
541,dickmilk
542,dickmonger
543,dickripper
544,dicks
545,dicksipper
546,dickslap
547,dicksucker
548,dicksucking
549,dicktickler
550,dickwad
551,dickweasel
552,dickweed
553,dickwhipper
554,dickwod
555,dickzipper
556,diddle
557,dike
558,dildo
559,dildos
560,diligaf
561,dillweed
562,dimwit
563,dingle
564,dingleberries
565,dingleberry
566,dink
567,dinks
568,dipship
569,dipshit
570,dirsa
571,dirty
572,dirty pillows
573,dirty sanchez
574,dlck
575,dog style
576,dog-fucker
577,doggie style
578,doggie-style
579,doggiestyle
580,doggin
581,dogging
582,doggy style
583,doggy-style
584,doggystyle
585,dolcett
586,domination
587,dominatrix
588,dommes
589,dong
590,donkey punch
591,donkeypunch
592,donkeyribber
593,doochbag
594,doofus
595,dookie
596,doosh
597,dopey
598,double dong
599,double penetration
600,doublelift
601,douch3
602,douche
603,douche-fag
604,douchebag
605,douchebags
606,douchewaffle
607,douchey
608,dp action
609,drunk
610,dry hump
611,duche
612,dumass
613,dumb ass
614,dumbass
615,dumbasses
616,dumbcunt
617,dumbfuck
618,dumbshit
619,dummy
620,dumshit
621,dvda
622,dyke
623,dykes
624,eat a dick
625,eat hair pie
626,eat my ass
627,eatpussy
628,ecchi
629,ejaculate
630,ejaculated
631,ejaculates
632,ejaculates 
633,ejaculating
634,ejaculating 
635,ejaculatings
636,ejaculation
637,ejakulate
638,enlargement
639,erect
640,erection
641,erotic
642,erotism
643,escort
644,essohbee
645,eunuch
646,extacy
647,extasy
648,f u c k
649,f u c k e r
650,f-u-c-k
651,f.u.c.k
652,f4nny
653,f_u_c_k
654,facefucker
655,facial
656,fack
657,fag
658,fagbag
659,fagfucker
660,fagg
661,fagged
662,fagging
663,faggit
664,faggitt
665,faggot
666,faggotcock
667,faggots
668,faggs
669,fagot
670,fagots
671,fags
672,fagtard
673,faig
674,faigt
675,fanny
676,fannybandit
677,fannyflaps
678,fannyfucker
679,fanyy
680,fart
681,fartknocker
682,fastfuck
683,fat
684,fatass
685,fatfuck
686,fatfucker
687,fcuk
688,fcuker
689,fcuking
690,fecal
691,feck
692,fecker
693,felch
694,felcher
695,felching
696,fellate
697,fellatio
698,feltch
699,feltcher
700,female squirting
701,femdom
702,fenian
703,figging
704,fingerbang
705,fingerfuck
706,fingerfuck 
707,fingerfucked
708,fingerfucked 
709,fingerfucker
710,fingerfucker 
711,fingerfuckers
712,fingerfucking
713,fingerfucking 
714,fingerfucks
715,fingerfucks 
716,fingering
717,fist fuck
718,fisted
719,fistfuck
720,fistfucked
721,fistfucked 
722,fistfucker
723,fistfucker 
724,fistfuckers
725,fistfuckers 
726,fistfucking
727,fistfucking 
728,fistfuckings
729,fistfuckings 
730,fistfucks
731,fistfucks 
732,fisting
733,fisty
734,flamer
735,flange
736,flaps
737,fleshflute
738,flog the log
739,floozy
740,foad
741,foah
742,fondle
743,foobar
744,fook
745,fooker
746,foot fetish
747,footfuck
748,footfucker
749,footjob
750,footlicker
751,foreskin
752,freakfuck
753,freakyfucker
754,freefuck
755,freex
756,frigg
757,frigga
758,frotting
759,fubar
760,fuc
761,fuck
762,fuck buttons
763,fuck hole
764,fuck off
765,fuck puppet
766,fuck trophy
767,fuck yo mama
768,fuck you
769,fuck-ass
770,fuck-bitch
771,fuck-tard
772,fucka
773,fuckass
774,fuckbag
775,fuckboy
776,fuckbrain
777,fuckbutt
778,fuckbutter
779,fucked
780,fuckedup
781,fucker
782,fuckers
783,fuckersucker
784,fuckface
785,fuckfreak
786,fuckhead
787,fuckheads
788,fuckher
789,fuckhole
790,fuckin
791,fucking
792,fuckingbitch
793,fuckings
794,fuckingshitmotherfucker
795,fuckme
796,fuckme 
797,fuckmeat
798,fuckmehard
799,fuckmonkey
800,fucknugget
801,fucknut
802,fucknutt
803,fuckoff
804,fucks
805,fuckstick
806,fucktard
807,fucktards
808,fucktart
809,fucktoy
810,fucktwat
811,fuckup
812,fuckwad
813,fuckwhit
814,fuckwhore
815,fuckwit
816,fuckwitt
817,fuckyou
818,fudge packer
819,fudge-packer
820,fudgepacker
821,fuk
822,fuker
823,fukker
824,fukkers
825,fukkin
826,fuks
827,fukwhit
828,fukwit
829,fuq
830,futanari
831,fux
832,fux0r
833,fvck
834,fxck
835,g-spot
836,gae
837,gai
838,gang bang
839,gang-bang
840,gangbang
841,gangbanged
842,gangbanged 
843,gangbangs
844,gangbangs 
845,ganja
846,gash
847,gassy ass
848,gay sex
849,gayass
850,gaybob
851,gaydo
852,gayfuck
853,gayfuckist
854,gaylord
855,gays
856,gaysex
857,gaytard
858,gaywad
859,gender bender
860,genitals
861,gey
862,gfy
863,ghay
864,ghey
865,giant cock
866,gigolo
867,ginger
868,gippo
869,girl on
870,girl on top
871,girls gone wild
872,git
873,glans
874,goatcx
875,goatse
876,god damn
877,god-dam
878,god-damned
879,godamn
880,godamnit
881,goddam
882,goddammit
883,goddamn
884,goddamned
885,goddamnit
886,goddamnmuthafucker
887,godsdamn
888,gokkun
889,golden shower
890,goldenshower
891,golliwog
892,gonad
893,gonads
894,gonorrehea
895,goo girl
896,gooch
897,goodpoop
898,gook
899,gooks
900,goregasm
901,gotohell
902,gringo
903,grope
904,group sex
905,gspot
906,gtfo
907,guido
908,guro
909,h0m0
910,h0mo
911,ham flap
912,hand job
913,handjob
914,hard core
915,hard on
916,hardcore
917,hardcoresex
918,hardcoresex 
919,he-she
920,he11
921,headfuck
922,hebe
923,heeb
924,hell
925,hemp
926,hentai
927,heroin
928,herp
929,herpes
930,herpy
931,heshe
932,hitler
933,hiv
934,ho
935,hoar
936,hoare
937,hobag
938,hoe
939,hoer
940,holy shit
941,hom0
942,homey
943,homo
944,homodumbshit
945,homoerotic
946,homoey
947,honkey
948,honky
949,hooch
950,hookah
951,hooker
952,hoor
953,hootch
954,hooter
955,hooters
956,hore
957,horniest
958,horny
959,hot carl
960,hot chick
961,hotpussy
962,hotsex
963,how to kill
964,how to murdep
965,how to murder
966,huge fat
967,hump
968,humped
969,humping
970,hun
971,hussy
972,hymen
973,iap
974,iberian slap
975,inbred
976,incest
977,injun
978,intercourse
979,j3rk0ff
980,jack off
981,jack-off
982,jack-off 
983,jackass
984,jackasses
985,jackhole
986,jackoff
987,jaggi
988,jagoff
989,jail bait
990,jailbait
991,jap
992,japs
993,jelly donut
994,jerk
995,jerk off
996,jerk-off
997,jerk-off 
998,jerk0ff
999,jerkass
1000,jerked
1001,jerkoff
1002,jigaboo
1003,jiggaboo
1004,jiggerboo
1005,jism
1006,jiz
1007,jiz 
1008,jizm
1009,jizm 
1010,jizz
1011,jizzed
1012,jock
1013,juggs
1014,jungle bunny
1015,junglebunny
1016,junkie
1017,junky
1018,kafir
1019,kawk
1020,kike
1021,kikes
1022,kill
1023,kinbaku
1024,kinkster
1025,kinky
1026,kiunt
1027,kkk
1028,klan
1029,knob
1030,knob end
1031,knobbing
1032,knobead
1033,knobed
1034,knobend
1035,knobhead
1036,knobjocky
1037,knobjokey
1038,kock
1039,kondum
1040,kondums
1041,kooch
1042,kooches
1043,kootch
1044,kraut
1045,kum
1046,kummer
1047,kumming
1048,kums
1049,kunilingus
1050,kunja
1051,kunt
1052,kwif
1053,kyke
1054,l3i+ch
1055,l3itch
1056,labia
1057,lameass
1058,lardass
1059,leather restraint
1060,leather straight jacket
1061,lech
1062,lemon party
1063,leper
1064,lesbian
1065,lesbians
1066,lesbo
1067,lesbos
1068,lez
1069,lezbian
1070,lezbians
1071,lezbo
1072,lezbos
1073,lezza
1074,lezzie
1075,lezzies
1076,lezzy
1077,lmao
1078,lmfao
1079,loin
1080,loins
1081,lolita
1082,looney
1083,lovemaking
1084,lube
1085,lust
1086,lusting
1087,lusty
1088,m-fucking
1089,m0f0
1090,m0fo
1091,m45terbate
1092,ma5terb8
1093,ma5terbate
1094,mafugly
1095,make me come
1096,male squirting
1097,mams
1098,masochist
1099,massa
1100,master-bate
1101,masterb8
1102,masterbat
1103,masterbat*
1104,masterbat3
1105,masterbate
1106,masterbating
1107,masterbation
1108,masterbations
1109,masturbate
1110,masturbating
1111,masturbation
1112,maxi
1113,mcfagget
1114,menage a trois
1115,menses
1116,menstruate
1117,menstruation
1118,meth
1119,mick
1120,middle finger
1121,midget
1122,milf
1123,minge
1124,minger
1125,missionary position
1126,mo-fo
1127,mof0
1128,mofo
1129,molest
1130,mong
1131,moo moo foo foo
1132,moolie
1133,moron
1134,mothafuck
1135,mothafucka
1136,mothafuckas
1137,mothafuckaz
1138,mothafucked
1139,mothafucked 
1140,mothafucker
1141,mothafuckers
1142,mothafuckin
1143,mothafucking
1144,mothafucking 
1145,mothafuckings
1146,mothafucks
1147,mother fucker
1148,motherfuck
1149,motherfucka
1150,motherfucked
1151,motherfucker
1152,motherfuckers
1153,motherfuckin
1154,motherfucking
1155,motherfuckings
1156,motherfuckka
1157,motherfucks
1158,mound of venus
1159,mr hands
1160,mtherfucker
1161,mthrfucker
1162,mthrfucking
1163,muff
1164,muff diver
1165,muff puff
1166,muffdiver
1167,muffdiving
1168,munging
1169,munter
1170,murder
1171,mutha
1172,muthafecker
1173,muthafuckaz
1174,muthafuckker
1175,muther
1176,mutherfucker
1177,mutherfucking
1178,muthrfucking
1179,n1gga
1180,n1gger
1181,nad
1182,nads
1183,naked
1184,nambla
1185,napalm
1186,nappy
1187,nawashi
1188,nazi
1189,nazism
1190,need the dick
1191,negro
1192,neonazi
1193,nig nog
1194,nig-nog
1195,nigaboo
1196,nigg3r
1197,nigg4h
1198,nigga
1199,niggah
1200,niggas
1201,niggaz
1202,nigger
1203,niggers
1204,niggers 
1205,niggle
1206,niglet
1207,nimphomania
1208,nimrod
1209,ninny
1210,nipple
1211,nipples
1212,nob
1213,nob jokey
1214,nobhead
1215,nobjocky
1216,nobjokey
1217,nonce
1218,nooky
1219,nsfw images
1220,nude
1221,nudity
1222,numbnuts
1223,nut butter
1224,nut sack
1225,nutsack
1226,nutter
1227,nympho
1228,nymphomania
1229,octopussy
1230,old bag
1231,omg
1232,omorashi
1233,one cup two girls
1234,one guy one jar
1235,opiate
1236,opium
1237,oral
1238,orally
1239,organ
1240,orgasim
1241,orgasim 
1242,orgasims
1243,orgasims 
1244,orgasm
1245,orgasmic
1246,orgasms
1247,orgasms 
1248,orgies
1249,orgy
1250,ovary
1251,ovum
1252,ovums
1253,p.u.s.s.y.
1254,p0rn
1255,paddy
1256,paedophile
1257,paki
1258,panooch
1259,pansy
1260,pantie
1261,panties
1262,panty
1263,pastie
1264,pasty
1265,pawn
1266,pcp
1267,pecker
1268,peckerhead
1269,pedo
1270,pedobear
1271,pedophile
1272,pedophilia
1273,pedophiliac
1274,pee
1275,peepee
1276,pegging
1277,penetrate
1278,penetration
1279,penial
1280,penile
1281,penis
1282,penisbanger
1283,penisfucker
1284,penispuffer
1285,perversion
1286,peyote
1287,phalli
1288,phallic
1289,phone sex
1290,phonesex
1291,phuck
1292,phuk
1293,phuked
1294,phuking
1295,phukked
1296,phukking
1297,phuks
1298,phuq
1299,piece of shit
1300,pigfucker
1301,pikey
1302,pillowbiter
1303,pimp
1304,pimpis
1305,pinko
1306,piss
1307,piss off
1308,piss pig
1309,piss-off
1310,pissed
1311,pissed off
1312,pisser
1313,pissers
1314,pisses
1315,pisses 
1316,pissflaps
1317,pissin
1318,pissin 
1319,pissing
1320,pissoff
1321,pissoff 
1322,pisspig
1323,playboy
1324,pleasure chest
1325,pms
1326,polack
1327,pole smoker
1328,polesmoker
1329,pollock
1330,ponyplay
1331,poof
1332,poon
1333,poonani
1334,poonany
1335,poontang
1336,poop
1337,poop chute
1338,poopchute
1339,poopuncher
1340,porch monkey
1341,porchmonkey
1342,porn
1343,porno
1344,pornography
1345,pornos
1346,pot
1347,potty
1348,prick
1349,pricks
1350,pricks 
1351,prickteaser
1352,prig
1353,prince albert piercing
1354,prod
1355,pron
1356,prostitute
1357,prude
1358,psycho
1359,pthc
1360,pube
1361,pubes
1362,pubic
1363,pubis
1364,punani
1365,punanny
1366,punany
1367,punkass
1368,punky
1369,punta
1370,puss
1371,pusse
1372,pussi
1373,pussies
1374,pussy
1375,pussy fart
1376,pussy palace
1377,pussylicking
1378,pussypounder
1379,pussys
1380,pussys 
1381,pust
1382,puto
1383,queaf
1384,queef
1385,queer
1386,queerbait
1387,queerhole
1388,queero
1389,queers
1390,quicky
1391,quim
1392,r-tard
1393,racy
1394,raghead
1395,raging boner
1396,rape
1397,raped
1398,raper
1399,rapey
1400,raping
1401,rapist
1402,raunch
1403,rectal
1404,rectum
1405,rectus
1406,reefer
1407,reetard
1408,reich
1409,renob
1410,retard
1411,retarded
1412,reverse cowgirl
1413,revue
1414,rimjaw
1415,rimjob
1416,rimming
1417,ritard
1418,rosy palm
1419,rosy palm and her 5 sisters
1420,rtard
1421,rubbish
1422,rum
1423,rump
1424,rumprammer
1425,ruski
1426,rusty trombone
1427,s hit
1428,s&m
1429,s-h-1-t
1430,s-h-i-t
1431,s-o-b
1432,s.h.i.t.
1433,s.o.b.
1434,s0b
1435,s_h_i_t
1436,sadism
1437,sadist
1438,sambo
1439,sand nigger
1440,sandbar
1441,sandler
1442,sandnigger
1443,sanger
1444,santorum
1445,sausage queen
1446,scag
1447,scantily
1448,scat
1449,schizo
1450,schlong
1451,scissoring
1452,screw
1453,screwed
1454,screwing
1455,scroat
1456,scrog
1457,scrot
1458,scrote
1459,scrotum
1460,scrud
1461,scum
1462,seaman
1463,seamen
1464,seduce
1465,seks
1466,semen
1467,sex
1468,sexo
1469,sexual
1470,sexy
1471,sh!+
1472,sh!t
1473,sh1t
1474,shag
1475,shagger
1476,shaggin
1477,shagging
1478,shamedame
1479,shaved beaver
1480,shaved pussy
1481,shemale
1482,shi+
1483,shibari
1484,shirt lifter
1485,shit
1486,shit ass
1487,shit fucker
1488,shitass
1489,shitbag
1490,shitbagger
1491,shitblimp
1492,shitbrains
1493,shitbreath
1494,shitcanned
1495,shitcunt
1496,shitdick
1497,shite
1498,shiteater
1499,shited
1500,shitey
1501,shitface
1502,shitfaced
1503,shitfuck
1504,shitfull
1505,shithead
1506,shitheads
1507,shithole
1508,shithouse
1509,shiting
1510,shitings
1511,shits
1512,shitspitter
1513,shitstain
1514,shitt
1515,shitted
1516,shitter
1517,shitters
1518,shitters 
1519,shittier
1520,shittiest
1521,shitting
1522,shittings
1523,shitty
1524,shitty 
1525,shiz
1526,shiznit
1527,shota
1528,shrimping
1529,sissy
1530,skag
1531,skank
1532,skeet
1533,skullfuck
1534,slag
1535,slanteye
1536,slave
1537,sleaze
1538,sleazy
1539,slope
1540,slut
1541,slut bucket
1542,slutbag
1543,slutdumper
1544,slutkiss
1545,sluts
1546,smartass
1547,smartasses
1548,smeg
1549,smegma
1550,smut
1551,smutty
1552,snatch
1553,sniper
1554,snowballing
1555,snuff
1556,sod off
1557,sodom
1558,sodomize
1559,sodomy
1560,son of a bitch
1561,son of a motherless goat
1562,son of a whore
1563,son-of-a-bitch
1564,souse
1565,soused
1566,spac
1567,spade
1568,sperm
1569,spic
1570,spick
1571,spik
1572,spiks
1573,splooge
1574,splooge moose
1575,spooge
1576,spook
1577,spread legs
1578,spunk
1579,steamy
1580,stfu
1581,stiffy
1582,stoned
1583,strap on
1584,strapon
1585,strappado
1586,strip
1587,strip club
1588,stroke
1589,stupid
1590,style doggy
1591,suck
1592,suckass
1593,sucked
1594,sucking
1595,sucks
1596,suicide girls
1597,sultry women
1598,sumofabiatch
1599,swastika
1600,swinger
1601,t1t
1602,t1tt1e5
1603,t1tties
1604,taff
1605,taig
1606,tainted love
1607,taking the piss
1608,tampon
1609,tard
1610,tart
1611,taste my
1612,tawdry
1613,tea bagging
1614,teabagging
1615,teat
1616,teets
1617,teez
1618,terd
1619,teste
1620,testee
1621,testes
1622,testical
1623,testicle
1624,testis
1625,threesome
1626,throating
1627,thrust
1628,thug
1629,thundercunt
1630,tied up
1631,tight white
1632,tinkle
1633,tit
1634,tit wank
1635,titfuck
1636,titi
1637,tities
1638,tits
1639,titt
1640,tittie5
1641,tittiefucker
1642,titties
1643,titty
1644,tittyfuck
1645,tittyfucker
1646,tittywank
1647,titwank
1648,toke
1649,tongue in a
1650,toots
1651,topless
1652,tosser
1653,towelhead
1654,tramp
1655,tranny
1656,transsexual
1657,trashy
1658,tribadism
1659,trumped
1660,tub girl
1661,tubgirl
1662,turd
1663,tush
1664,tushy
1665,tw4t
1666,twat
1667,twathead
1668,twatlips
1669,twats
1670,twatty
1671,twatwaffle
1672,twink
1673,twinkie
1674,two fingers
1675,two fingers with tongue
1676,two girls one cup
1677,twunt
1678,twunter
1679,ugly
1680,unclefucker
1681,undies
1682,undressing
1683,unwed
1684,upskirt
1685,urethra play
1686,urinal
1687,urine
1688,urophilia
1689,uterus
1690,uzi
1691,v14gra
1692,v1gra
1693,va-j-j
1694,vag
1695,vagina
1696,vajayjay
1697,valium
1698,venus mound
1699,veqtable
1700,viagra
1701,vibrator
1702,violet wand
1703,virgin
1704,vixen
1705,vjayjay
1706,vodka
1707,vomit
1708,vorarephilia
1709,voyeur
1710,vulgar
1711,vulva
1712,w00se
1713,wad
1714,wang
1715,wank
1716,wanker
1717,wankjob
1718,wanky
1719,wazoo
1720,wedgie
1721,weed
1722,weenie
1723,weewee
1724,weiner
1725,weirdo
1726,wench
1727,wet dream
1728,wetback
1729,wh0re
1730,wh0reface
1731,white power
1732,whitey
1733,whiz
1734,whoar
1735,whoralicious
1736,whore
1737,whorealicious
1738,whorebag
1739,whored
1740,whoreface
1741,whorehopper
1742,whorehouse
1743,whores
1744,whoring
1745,wigger
1746,willies
1747,willy
1748,window licker
1749,wiseass
1750,wiseasses
1751,wog
1752,womb
1753,woody
1754,wop
1755,wrapping men
1756,wrinkled starfish
1757,wtf
1758,x-rated
1759,xrated
1760,xx
1761,xxx
1762,yaoi
1763,yeasty
1764,yellow showers
1765,yid
1766,yiffy
1767,yobbo
1768,zoophile
1769,zoophilia
1770,zubb
